INSERT INTO `cientificos`.`cientifico` (`dni`, `nomApels`) VALUES ('16498732l', 'Sofia Cano');
INSERT INTO `cientificos`.`cientifico` (`dni`, `nomApels`) VALUES ('79865421t', 'Maria Garcia');
INSERT INTO `cientificos`.`cientifico` (`dni`, `nomApels`) VALUES ('35698741r', 'Pedro Rodriguez');
INSERT INTO `cientificos`.`cientifico` (`dni`, `nomApels`) VALUES ('56314587f', 'Hector Casas');
INSERT INTO `cientificos`.`cientifico` (`dni`, `nomApels`) VALUES ('46589732m', 'David Martinez');
INSERT INTO `cientificos`.`cientifico` (`dni`, `nomApels`) VALUES ('23569841o', 'Antonio Romero');
INSERT INTO `cientificos`.`cientifico` (`dni`, `nomApels`) VALUES ('23652487k', 'Albert Jimenez');
INSERT INTO `cientificos`.`cientifico` (`dni`, `nomApels`) VALUES ('0426978w', 'Pau Robuste');
INSERT INTO `cientificos`.`cientifico` (`dni`, `nomApels`) VALUES ('90340697j', 'Anna Martinez');
INSERT INTO `cientificos`.`cientifico` (`dni`, `nomApels`) VALUES ('50621987y', 'Miquel Angel Montero');

INSERT INTO `cientificos`.`proyecto` (`id`, `nombre`, `horas`) VALUES ('1', 'proyecto1', '25');
INSERT INTO `cientificos`.`proyecto` (`id`, `nombre`, `horas`) VALUES ('2', 'proyecto2', '123');
INSERT INTO `cientificos`.`proyecto` (`id`, `nombre`, `horas`) VALUES ('3', 'proyecto3', '145');
INSERT INTO `cientificos`.`proyecto` (`id`, `nombre`, `horas`) VALUES ('4', 'proyecto4', '63');
INSERT INTO `cientificos`.`proyecto` (`id`, `nombre`, `horas`) VALUES ('5', 'proyecto5', '172');
INSERT INTO `cientificos`.`proyecto` (`id`, `nombre`, `horas`) VALUES ('6', 'proyecto6', '34');
INSERT INTO `cientificos`.`proyecto` (`id`, `nombre`, `horas`) VALUES ('7', 'proyecto7', '76');
INSERT INTO `cientificos`.`proyecto` (`id`, `nombre`, `horas`) VALUES ('8', 'proyecto8', '32');
INSERT INTO `cientificos`.`proyecto` (`id`, `nombre`, `horas`) VALUES ('9', 'proyecto9', '62');
INSERT INTO `cientificos`.`proyecto` (`id`, `nombre`, `horas`) VALUES ('10', 'proyecto10', '84');

INSERT INTO `cientificos`.`asignado_a` (`cientifico`, `proyecto`) VALUES ('0426978w', '1');
INSERT INTO `cientificos`.`asignado_a` (`cientifico`, `proyecto`) VALUES ('23569841o', '2');
INSERT INTO `cientificos`.`asignado_a` (`cientifico`, `proyecto`) VALUES ('23652487k', '3');
INSERT INTO `cientificos`.`asignado_a` (`cientifico`, `proyecto`) VALUES ('46589732m', '4');
INSERT INTO `cientificos`.`asignado_a` (`cientifico`, `proyecto`) VALUES ('56324587f', '5');
INSERT INTO `cientificos`.`asignado_a` (`cientifico`, `proyecto`) VALUES ('50621987y', '6');
INSERT INTO `cientificos`.`asignado_a` (`cientifico`, `proyecto`) VALUES ('90340697j', '7');

