INSERT INTO `piezasProv`.`piezas` (`codigo`, `nombre`) VALUES ('1', 'pieza1');
INSERT INTO `piezasProv`.`piezas` (`codigo`, `nombre`) VALUES ('2', 'pieza2');
INSERT INTO `piezasProv`.`piezas` (`codigo`, `nombre`) VALUES ('3', 'pieza3');
INSERT INTO `piezasProv`.`piezas` (`codigo`, `nombre`) VALUES ('4', 'pieza4');
INSERT INTO `piezasProv`.`piezas` (`codigo`, `nombre`) VALUES ('5', 'pieza5');
INSERT INTO `piezasProv`.`piezas` (`codigo`, `nombre`) VALUES ('6', 'pieza6');
INSERT INTO `piezasProv`.`piezas` (`codigo`, `nombre`) VALUES ('7', 'pieza7');
INSERT INTO `piezasProv`.`piezas` (`codigo`, `nombre`) VALUES ('8', 'pieza8');
INSERT INTO `piezasProv`.`piezas` (`codigo`, `nombre`) VALUES ('9', 'pieza9');
INSERT INTO `piezasProv`.`piezas` (`codigo`, `nombre`) VALUES ('10', 'pieza10');

INSERT INTO `piezasProv`.`proveedores` (`id`, `nombre`) VALUES ('1', 'Miquel Angel');
INSERT INTO `piezasProv`.`proveedores` (`id`, `nombre`) VALUES ('2', 'Pau');
INSERT INTO `piezasProv`.`proveedores` (`id`, `nombre`) VALUES ('3', 'Albert');
INSERT INTO `piezasProv`.`proveedores` (`id`, `nombre`) VALUES ('4', 'Juan');
INSERT INTO `piezasProv`.`proveedores` (`id`, `nombre`) VALUES ('5', 'Mario');
INSERT INTO `piezasProv`.`proveedores` (`id`, `nombre`) VALUES ('6', 'Maria');
INSERT INTO `piezasProv`.`proveedores` (`id`, `nombre`) VALUES ('7', 'Anna');
INSERT INTO `piezasProv`.`proveedores` (`id`, `nombre`) VALUES ('8', 'Pedro');
INSERT INTO `piezasProv`.`proveedores` (`id`, `nombre`) VALUES ('9', 'Francisco');
INSERT INTO `piezasProv`.`proveedores` (`id`, `nombre`) VALUES ('10', 'Fernando');

INSERT INTO `piezasProv`.`suministra` (`codigoPieza`, `idProveedor`, `precio`) VALUES ('1', '10', '132');
INSERT INTO `piezasProv`.`suministra` (`codigoPieza`, `idProveedor`, `precio`) VALUES ('2', '9', '1423');
INSERT INTO `piezasProv`.`suministra` (`codigoPieza`, `idProveedor`, `precio`) VALUES ('3', '8', '2315');
INSERT INTO `piezasProv`.`suministra` (`codigoPieza`, `idProveedor`, `precio`) VALUES ('4', '7', '345');
INSERT INTO `piezasProv`.`suministra` (`codigoPieza`, `idProveedor`, `precio`) VALUES ('5', '6', '631');
INSERT INTO `piezasProv`.`suministra` (`codigoPieza`, `idProveedor`, `precio`) VALUES ('6', '5', '2321');
INSERT INTO `piezasProv`.`suministra` (`codigoPieza`, `idProveedor`, `precio`) VALUES ('7', '4', '521');
INSERT INTO `piezasProv`.`suministra` (`codigoPieza`, `idProveedor`, `precio`) VALUES ('8', '3', '1237');
INSERT INTO `piezasProv`.`suministra` (`codigoPieza`, `idProveedor`, `precio`) VALUES ('9', '2', '2348');
INSERT INTO `piezasProv`.`suministra` (`codigoPieza`, `idProveedor`, `precio`) VALUES ('10', '1', '2135');
